開始,終了,機器名
2021/10/1 9:00,2021/10/1 9:42,A
2021/10/1 10:00,2021/10/1 10:30,A
2021/10/1 11:00,2021/10/1 11:30,A
2021/10/1 12:00,2021/10/1 12:30,A
2021/10/1 13:00,2021/10/1 13:30,A
2021/10/1 14:00,2021/10/1 14:30,A
2021/10/1 15:00,2021/10/1 15:30,A
2021/10/1 16:00,2021/10/1 16:30,A
2021/10/1 17:00,2021/10/1 17:30,A
2021/10/1 18:00,2021/10/1 18:30,A
2021/10/1 19:00,2021/10/1 19:30,A
2021/10/1 20:00,2021/10/1 20:30,A
2021/10/1 21:00,2021/10/1 21:30,A
2021/10/1 22:00,2021/10/1 22:30,A
2021/10/1 23:00,2021/10/1 23:30,A
2021/10/1 9:15,2021/10/1 9:45,B
2021/10/1 9:20,2021/10/1 9:43,C
2021/10/1 9:25,2021/10/1 9:40,D
2021/10/1 9:30,2021/10/1 9:35,E
2021/10/1 11:15,2021/10/1 11:25,B
2021/10/1 11:20,2021/10/1 11:21,B
2021/10/1 10:00,2021/10/1 10:30,F
2021/10/1 10:00,2021/10/1 17:30,C
2021/10/1 15:00,2021/10/1 15:30,D
2021/10/1 15:10,2021/10/1 15:20,E
2021/10/1 14:00,2021/10/1 14:30,G
2021/10/1 13:00,2021/10/1 15:30,B
2021/10/1 16:00,2021/10/1 16:30,G
